id,token,lemma,upos,sentence_id
1082001497217527808,Tomio,Tomio,PROPN,1
1082001497217527808,Okamura,Okamura,PROPN,1
1082001497217527808,:,:,PUNCT,1
1082001497217527808,Tomio,Tomio,PROPN,1
1082001497217527808,Okamura,Okamura,PROPN,1
1082001497217527808,ve,v,ADP,1
1082001497217527808,vys칤l치n칤,vys칤l치n칤,NOUN,1
1082001497217527808,Svobodn칠ho,svobodn칳,ADJ,1
1082001497217527808,r치dia,r치dio,NOUN,1
1082001497217527808,:,:,PUNCT,1
1082001497217527808,prost콏ednictv칤m,prost콏ednictv칤,NOUN,1
1082001497217527808,@,@,PUNCT,1
1082001497217527808,YouTube,YouTube,PROPN,2
1081505342012280832,Tomio,Tomio,PROPN,1
1081505342012280832,Okamura,Okamura,PROPN,1
1081505342012280832,:,:,PUNCT,1
1081505342012280832,Konec,konec,NOUN,1
1081505342012280832,mise,mise,NOUN,1
1081505342012280832,v,v,ADP,1
1081505342012280832,Afgh치nist치nu,Afgh치nist치n,PROPN,1
1081505342012280832,:,:,PUNCT,1
1081505342012280832,prost콏ednictv칤m,prost콏ednictv칤,NOUN,1
1081505342012280832,@,@,PUNCT,1
1081505342012280832,YouTube,YouTube,PROPN,2
1081120637723193344,Tomio,Tomio,PROPN,1
1081120637723193344,Okamura,Okamura,PROPN,1
1081120637723193344,:,:,PUNCT,1
1081120637723193344,Vl치da,vl치da,NOUN,1
1081120637723193344,kapitulovala,kapitulovat,VERB,1
1081120637723193344,:,:,PUNCT,1
1081120637723193344,prost콏ednictv칤m,prost콏ednictv칤,NOUN,1
1081120637723193344,@,@,PUNCT,1
1081120637723193344,YouTube,YouTube,PROPN,2
1080941934208794624,Tomio,Tomio,PROPN,1
1080941934208794624,Okamura,Okamura,PROPN,1
1080941934208794624,:,:,PUNCT,1
1080941934208794624,Multikulturn칤,Multikulturn칤,ADJ,1
1080941934208794624,n치sil칤,n치sil칤,NOUN,1
1080941934208794624,:,:,PUNCT,1
1080941934208794624,prost콏ednictv칤m,prost콏ednictv칤,NOUN,1
1080941934208794624,@,@,PUNCT,1
1080941934208794624,YouTube,YouTube,PROPN,2
1080751256090673152,Tomio,Tomio,PROPN,1
1080751256090673152,Okamura,Okamura,PROPN,1
1080751256090673152,:,:,PUNCT,1
1080751256090673152,ODS,ODS,PROPN,1
1080751256090673152,je,b칳t,VERB,1
1080751256090673152,pro,pro,ADP,1
1080751256090673152,EU,EU,PROPN,1
1080751256090673152,:,:,PUNCT,1
1080751256090673152,prost콏ednictv칤m,prost콏ednictv칤,NOUN,1
1080751256090673152,@,@,PUNCT,1
1080751256090673152,YouTube,YouTube,PROPN,2
1080565477519380480,Tomio,Tomio,PROPN,1
1080565477519380480,Okamura,Okamura,PROPN,1
1080565477519380480,:,:,PUNCT,1
1080565477519380480,Vlasteneck칳,vlasteneck칳,ADJ,1
1080565477519380480,song,song,NOUN,1
1080565477519380480,:,:,PUNCT,1
1080565477519380480,prost콏ednictv칤m,prost콏ednictv칤,NOUN,1
1080565477519380480,@,@,PUNCT,1
1080565477519380480,YouTube,YouTube,PROPN,2
1080028601834123264,Tomio,Tomio,PROPN,1
1080028601834123264,Okamura,Okamura,PROPN,1
1080028601834123264,:,:,PUNCT,1
1080028601834123264,Kr치sn칳,kr치sn칳,ADJ,1
1080028601834123264,a,a,CCONJ,1
1080028601834123264,칰sp캩코n칳,칰sp캩코n칳,ADJ,1
1080028601834123264,rok,rok,NOUN,1
1080028601834123264,2019,2019,NUM,1
1080028601834123264,!,!,PUNCT,1
1080028601834123264,:,:,PUNCT,1
1080028601834123264,prost콏ednictv칤m,prost콏ednictv칤,NOUN,1
1080028601834123264,@,@,PUNCT,1
1080028601834123264,YouTube,YouTube,PROPN,2
1078936891565764608,Tomio,Tomio,PROPN,1
1078936891565764608,Okamura,Okamura,PROPN,1
1078936891565764608,:,:,PUNCT,1
1078936891565764608,캛e코i,캛ech,PROPN,1
1078936891565764608,do,do,ADP,1
1078936891565764608,n캩meck칠,n캩meck칳,ADJ,1
1078936891565764608,Waffen,Waffen,ADJ,1
1078936891565764608,SS,SS,PROPN,1
1078936891565764608,:,:,PUNCT,1
1078936891565764608,prost콏ednictv칤m,prost콏ednictv칤,NOUN,1
1078936891565764608,@,@,PUNCT,1
1078936891565764608,YouTube,YouTube,PROPN,2
1078679053148794880,Tomio,Tomio,PROPN,1
1078679053148794880,Okamura,Okamura,PROPN,1
1078679053148794880,:,:,PUNCT,1
1078679053148794880,Protib캩lo코sk칳,Protib캩lo코sk칳,ADJ,1
1078679053148794880,rasismus,rasismus,NOUN,1
1078679053148794880,:,:,PUNCT,1
1078679053148794880,prost콏ednictv칤m,prost콏ednictv칤,NOUN,1
1078679053148794880,@,@,PUNCT,1
1078679053148794880,YouTube,YouTube,PROPN,2
1078677320012046336,Tomio,Tomio,PROPN,1
1078677320012046336,Okamura,Okamura,PROPN,1
1078677320012046336,:,:,PUNCT,1
1078677320012046336,Demonstrace,demonstrace,NOUN,1
1078677320012046336,v,v,ADP,1
1078677320012046336,It치lii,It치lie,PROPN,1
1078677320012046336,:,:,PUNCT,1
1078677320012046336,prost콏ednictv칤m,prost콏ednictv칤,NOUN,1
1078677320012046336,@,@,PUNCT,1
1078677320012046336,YouTube,YouTube,PROPN,2
1078283006715052032,Tomio,Tomio,PROPN,1
1078283006715052032,Okamura,Okamura,PROPN,1
1078283006715052032,:,:,PUNCT,1
1078283006715052032,Jsme,b칳t,VERB,1
1078283006715052032,odpadkov칳,odpadkov칳,ADJ,1
1078283006715052032,ko코,ko코,NOUN,1
1078283006715052032,Z치padu,z치pad,NOUN,1
1078283006715052032,:,:,PUNCT,1
1078283006715052032,prost콏ednictv칤m,prost콏ednictv칤,NOUN,1
1078283006715052032,@,@,PUNCT,1
1078283006715052032,YouTube,YouTube,PROPN,2
1077996017163878400,Sv치te캜n칤,sv치te캜n칤,ADJ,1
1077996017163878400,ve캜er,ve캜er,NOUN,1
1077996017163878400,",",",",PUNCT,1
1077996017163878400,pades치tka,pades치tka,NOUN,1
1077996017163878400,na,na,ADP,1
1077996017163878400,krku,krk,NOUN,1
1077996017163878400,a,a,CCONJ,1
1077996017163878400,bench,bench,NOUN,1
1077996017163878400,105,105,NUM,1
1077291737985572864,V,v,ADP,1
1077291737985572864,neju쮄뫆셠,칰zk칳,ADJ,1
1077291737985572864,rodinn칠m,rodinn칳,ADJ,1
1077291737985572864,kruhu,kruh,NOUN,1
1077291737985572864,i,i,CCONJ,1
1077291737985572864,s,s,CONJ,1
1077291737985572864,fenkou,fenka,NOUN,1
1077291737985572864,Hessy,Hessa,PROPN,1
1077291737985572864,.,.,PUNCT,1
1077291737985572864,P콏eji,p콏치t,VERB,2
1077291737985572864,v치m,ty,PRON,2
1077291737985572864,kr치sn칳,kr치sn칳,ADJ,2
1077291737985572864,맚캩dr칳,코t캩dr칳,ADJ,2
1077291737985572864,ve캜er,ve캜er,NOUN,2
1077114053238157312,Tomio,Tomio,PROPN,1
1077114053238157312,Okamura,Okamura,PROPN,1
1077114053238157312,:,:,PUNCT,1
1077114053238157312,V치no캜n칤,v치no캜n칤,ADJ,1
1077114053238157312,projev,projev,NOUN,1
1077114053238157312,:,:,PUNCT,1
1077114053238157312,prost콏ednictv칤m,prost콏ednictv칤,NOUN,1
1077114053238157312,@,@,PUNCT,1
1077114053238157312,YouTube,YouTube,PROPN,2
1077112718648401920,Tomio,Tomio,PROPN,1
1077112718648401920,Okamura,Okamura,PROPN,1
1077112718648401920,:,:,PUNCT,1
1077112718648401920,V치no캜n칤,v치no캜n칤,ADJ,1
1077112718648401920,tradice,tradice,NOUN,1
1077112718648401920,a,a,CCONJ,1
1077112718648401920,isl치m,isl치m,NOUN,1
1077112718648401920,:,:,PUNCT,1
1077112718648401920,prost콏ednictv칤m,prost콏ednictv칤,NOUN,1
1077112718648401920,@,@,PUNCT,1
1077112718648401920,YouTube,YouTube,PROPN,2
1076541523146108928,Tomio,Tomio,PROPN,1
1076541523146108928,Okamura,Okamura,PROPN,1
1076541523146108928,:,:,PUNCT,1
1076541523146108928,Na,na,ADP,1
1076541523146108928,v치no캜n칤ch,v치no캜n칤,ADJ,1
1076541523146108928,trz칤ch,trh,NOUN,1
1076541523146108928,:,:,PUNCT,1
1076541523146108928,prost콏ednictv칤m,prost콏ednictv칤,NOUN,1
1076541523146108928,@,@,PUNCT,1
1076541523146108928,YouTube,YouTube,PROPN,2
1076191637615722496,Tomio,Tomio,PROPN,1
1076191637615722496,Okamura,Okamura,PROPN,1
1076191637615722496,:,:,PUNCT,1
1076191637615722496,Hezk칠,hezk칳,ADJ,1
1076191637615722496,V치noce,v치noce,NOUN,1
1076191637615722496,:,:,PUNCT,1
1076191637615722496,prost콏ednictv칤m,prost콏ednictv칤,NOUN,1
1076191637615722496,@,@,PUNCT,1
1076191637615722496,YouTube,YouTube,PROPN,2
1075843810129833984,Tomio,Tomio,PROPN,1
1075843810129833984,Okamura,Okamura,PROPN,1
1075843810129833984,:,:,PUNCT,1
1075843810129833984,Ar칠na,ar칠na,NOUN,1
1075843810129833984,Jarom칤ra,Jarom칤r,PROPN,1
1075843810129833984,Soukupa,Soukup,PROPN,1
1075843810129833984,18.12.2018,18.12.2018,NUM,1
1075843810129833984,:,:,PUNCT,1
1075843810129833984,prost콏ednictv칤m,prost콏ednictv칤,NOUN,1
1075843810129833984,@,@,PUNCT,1
1075843810129833984,YouTube,YouTube,PROPN,2
1075834542366253056,Tomio,Tomio,PROPN,1
1075834542366253056,Okamura,Okamura,PROPN,1
1075834542366253056,:,:,PUNCT,1
1075834542366253056,먞셟en치,코칤len칳,ADJ,1
1075834542366253056,situace,situace,NOUN,1
1075834542366253056,na,na,ADP,1
1075834542366253056,d치lnici,d치lnice,NOUN,1
1075834542366253056,D,D,NOUN,1
1075834542366253056,1,1,NUM,1
1075834542366253056,:,:,PUNCT,1
1075834542366253056,prost콏ednictv칤m,prost콏ednictv칤,NOUN,1
1075834542366253056,@,@,PUNCT,1
1075834542366253056,YouTube,YouTube,PROPN,2
1075733334083465216,Tomio,Tomio,PROPN,1
1075733334083465216,Okamura,Okamura,PROPN,1
1075733334083465216,:,:,PUNCT,1
1075733334083465216,맗atn칠,코patn칳,ADJ,1
1075733334083465216,콏e코en칤,콏e코en칤,NOUN,1
1075733334083465216,probl칠mu,probl칠m,NOUN,1
1075733334083465216,:,:,PUNCT,1
1075733334083465216,prost콏ednictv칤m,prost콏ednictv칤,NOUN,1
1075733334083465216,@,@,PUNCT,1
1075733334083465216,YouTube,YouTube,PROPN,2
1075652894643367936,Tomio,Tomio,PROPN,1
1075652894643367936,Okamura,Okamura,PROPN,1
1075652894643367936,:,:,PUNCT,1
1075652894643367936,Vl치da,vl치da,NOUN,1
1075652894643367936,podpo콏ila,podpo콏it,VERB,1
1075652894643367936,Glob치ln칤,glob치ln칤,ADJ,1
1075652894643367936,pakt,pakt,NOUN,1
1075652894643367936,OSN,OSN,PROPN,1
1075652894643367936,o,o,ADP,1
1075652894643367936,uprchl칤c칤ch,uprchl칤k,NOUN,1
1075652894643367936,2,2,NUM,1
1075652894643367936,:,:,PUNCT,1
1075652894643367936,prost콏ednictv칤m,prost콏ednictv칤,NOUN,1
1075652894643367936,@,@,PUNCT,1
1075652894643367936,YouTube,YouTube,PROPN,2
1075491890080952320,Tomio,Tomio,PROPN,1
1075491890080952320,Okamura,Okamura,PROPN,1
1075491890080952320,:,:,PUNCT,1
1075491890080952320,맗atn칳,코patn칳,ADJ,1
1075491890080952320,rozpo캜et,rozpo캜et,NOUN,1
1075491890080952320,:,:,PUNCT,1
1075491890080952320,prost콏ednictv칤m,prost콏ednictv칤,NOUN,1
1075491890080952320,@,@,PUNCT,1
1075491890080952320,YouTube,YouTube,PROPN,2
1075105882990698496,Tomio,Tomio,PROPN,1
1075105882990698496,Okamura,Okamura,PROPN,1
1075105882990698496,:,:,PUNCT,1
1075105882990698496,Navrhl,navrhnout,VERB,1
1075105882990698496,jsem,b칳t,VERB,1
1075105882990698496,za,za,ADP,1
1075105882990698496,SPD,SPD,PROPN,1
1075105882990698496,mimo콏치dn칳,mimo콏치dn칳,ADJ,1
1075105882990698496,bod,bod,NOUN,1
1075105882990698496,k,k,ADP,1
1075105882990698496,Glob치ln칤mu,glob치ln칤,ADJ,1
1075105882990698496,paktu,pak,NOUN,1
1075105882990698496,o,o,ADP,1
1075105882990698496,uprchl칤c칤ch,uprchl칤k,NOUN,1
1075105882990698496,:,:,PUNCT,1
1075105882990698496,prost콏ednictv칤m,prost콏ednictv칤,NOUN,1
1075075047906336768,Tomio,Tomio,PROPN,1
1075075047906336768,Okamra,Okamra,NOUN,1
1075075047906336768,:,:,PUNCT,1
1075075047906336768,Babi코ova,Babi코콢v,ADJ,1
1075075047906336768,vl치da,vl치da,NOUN,1
1075075047906336768,v캜era,v캜era,ADV,1
1075075047906336768,podpo콏ila,podpo콏it,VERB,1
1075075047906336768,Glob치ln칤,glob치ln칤,ADJ,1
1075075047906336768,pakt,pakt,NOUN,1
1075075047906336768,OSN,OSN,PROPN,1
1075075047906336768,o,o,ADP,1
1075075047906336768,uprchl칤c칤ch,uprchl칤k,NOUN,1
1075075047906336768,:,:,PUNCT,1
1075075047906336768,prost콏ednictv칤m,prost콏ednictv칤,NOUN,1
1074953044515848192,Tomio,Tomio,PROPN,1
1074953044515848192,Okamura,Okamura,PROPN,1
1074953044515848192,:,:,PUNCT,1
1074953044515848192,Smysl,smysl,NOUN,1
1074953044515848192,n치roda,n치rod,NOUN,1
1074953044515848192,a,a,CCONJ,1
1074953044515848192,lidsk치,lidsk칳,ADJ,1
1074953044515848192,pr치va,pr치vo,NOUN,1
1074953044515848192,:,:,PUNCT,1
1074953044515848192,prost콏ednictv칤m,prost콏ednictv칤,NOUN,1
1074953044515848192,@,@,PUNCT,1
1074953044515848192,YouTube,YouTube,PROPN,2
1074593733398560768,Tomio,Tomio,PROPN,1
1074593733398560768,Okamura,Okamura,PROPN,1
1074593733398560768,:,:,PUNCT,1
1074593733398560768,Islamist칠,Islamist칠,PROPN,1
1074593733398560768,v,v,ADP,1
1074593733398560768,캛R,캛R,PROPN,1
1074593733398560768,:,:,PUNCT,1
1074593733398560768,prost콏ednictv칤m,prost콏ednictv칤,NOUN,1
1074593733398560768,@,@,PUNCT,1
1074593733398560768,YouTube,YouTube,PROPN,2
1074365961426350080,Jdu,j칤t,VERB,1
1074365961426350080,na,na,ADP,1
1074365961426350080,to,ten,DET,1
1074365961426350080,",",",",PUNCT,1
1074365961426350080,abych,abych,CONJ,1
1074365961426350080,aby,aby,SCONJ,1
1074365961426350080,bych,b칳t,VERB,1
1074365961426350080,byl,b칳t,VERB,1
1074365961426350080,ve,v,ADP,1
1074365961426350080,form캩,form캩,NOUN,1
1074365961426350080,na,na,ADP,1
1074365961426350080,dal코칤,dal코칤,ADJ,1
1074365961426350080,pracovn칤,pracovn칤,ADJ,1
1074365961426350080,t칳den,t칳den,NOUN,1
1073971303768444928,Tomio,Tomio,PROPN,1
1073971303768444928,Okamura,Okamura,PROPN,1
1073971303768444928,:,:,PUNCT,1
1073971303768444928,ODS,ODS,PROPN,1
1073971303768444928,je,b칳t,VERB,1
1073971303768444928,pro,pro,ADP,1
1073971303768444928,EU,EU,PROPN,1
1073971303768444928,:,:,PUNCT,1
1073971303768444928,prost콏ednictv칤m,prost콏ednictv칤,NOUN,1
1073971303768444928,@,@,PUNCT,1
1073971303768444928,YouTube,YouTube,PROPN,2
1073870722186006528,Tomio,Tomio,PROPN,1
1073870722186006528,Okamura,Okamura,PROPN,1
1073870722186006528,:,:,PUNCT,1
1073870722186006528,NE,ne,PART,1
1073870722186006528,zvy코ov치n칤,zvy코ov치n칤,NOUN,1
1073870722186006528,dan칤,da켿,NOUN,1
1073870722186006528,:,:,PUNCT,1
1073870722186006528,prost콏ednictv칤m,prost콏ednictv칤,NOUN,1
1073870722186006528,@,@,PUNCT,1
1073870722186006528,YouTube,YouTube,PROPN,2
1073622372815695872,Tomio,Tomio,PROPN,1
1073622372815695872,Okamura,Okamura,PROPN,1
1073622372815695872,:,:,PUNCT,1
1073622372815695872,캛T,캛T,PROPN,1
1073622372815695872,je,b칳t,VERB,1
1073622372815695872,arogantn칤,arogantn칤,ADJ,1
1073622372815695872,monstrum,monstrum,NOUN,1
1073622372815695872,:,:,PUNCT,1
1073622372815695872,prost콏ednictv칤m,prost콏ednictv칤,NOUN,1
1073622372815695872,@,@,PUNCT,1
1073622372815695872,YouTube,YouTube,PROPN,2
1073480347982143488,Tomio,Tomio,PROPN,1
1073480347982143488,Okamura,Okamura,PROPN,1
1073480347982143488,:,:,PUNCT,1
1073480347982143488,C칤rkevn칤,c칤rkevn칤,ADJ,1
1073480347982143488,restituce,restituce,NOUN,1
1073480347982143488,:,:,PUNCT,1
1073480347982143488,prost콏ednictv칤m,prost콏ednictv칤,NOUN,1
1073480347982143488,@,@,PUNCT,1
1073480347982143488,YouTube,YouTube,PROPN,2
1073318152497496064,Tomio,Tomio,PROPN,1
1073318152497496064,Okamura,Okamura,PROPN,1
1073318152497496064,:,:,PUNCT,1
1073318152497496064,Ar칠na,ar칠na,NOUN,1
1073318152497496064,Jarom칤ra,Jarom칤r,PROPN,1
1073318152497496064,Soukupa,Soukup,PROPN,1
1073318152497496064,11.12.2018,11.12.2018,NUM,1
1073318152497496064,:,:,PUNCT,1
1073318152497496064,prost콏ednictv칤m,prost콏ednictv칤,NOUN,1
1073318152497496064,@,@,PUNCT,1
1073318152497496064,YouTube,YouTube,PROPN,2
1073116276824756224,Tomio,Tomio,PROPN,1
1073116276824756224,Okamura,Okamura,PROPN,1
1073116276824756224,:,:,PUNCT,1
1073116276824756224,C칤rkevn칤,c칤rkevn칤,ADJ,1
1073116276824756224,restituce,restituce,NOUN,1
1073116276824756224,:,:,PUNCT,1
1073116276824756224,prost콏ednictv칤m,prost콏ednictv칤,NOUN,1
1073116276824756224,@,@,PUNCT,1
1073116276824756224,YouTube,YouTube,PROPN,2
1073114893031800832,Tomio,Tomio,PROPN,1
1073114893031800832,Okamura,Okamura,PROPN,1
1073114893031800832,:,:,PUNCT,1
1073114893031800832,Bezpe캜nostn칤,bezpe캜nostn칤,ADJ,1
1073114893031800832,informa캜n칤,informa캜n칤,ADJ,1
1073114893031800832,slu쬭a,slu쬭a,NOUN,1
1073114893031800832,:,:,PUNCT,1
1073114893031800832,prost콏ednictv칤m,prost콏ednictv칤,NOUN,1
1073114893031800832,@,@,PUNCT,1
1073114893031800832,YouTube,YouTube,PROPN,2
1072573489473904640,Tomio,Tomio,PROPN,1
1072573489473904640,Okamura,Okamura,PROPN,1
1072573489473904640,:,:,PUNCT,1
1072573489473904640,Podveden칤,Podveden칤,NOUN,1
1072573489473904640,Francouzi,Francouz,PROPN,1
1072573489473904640,:,:,PUNCT,1
1072573489473904640,prost콏ednictv칤m,prost콏ednictv칤,NOUN,1
1072573489473904640,@,@,PUNCT,1
1072573489473904640,YouTube,YouTube,PROPN,2
1072570197133930496,Tomio,Tomio,PROPN,1
1072570197133930496,Okamura,Okamura,PROPN,1
1072570197133930496,:,:,PUNCT,1
1072570197133930496,Zamrazen칤,Zamrazen칤,NOUN,1
1072570197133930496,plat콢,plat,NOUN,1
1072570197133930496,politik콢,politik,NOUN,1
1072570197133930496,:,:,PUNCT,1
1072570197133930496,prost콏ednictv칤m,prost콏ednictv칤,NOUN,1
1072570197133930496,@,@,PUNCT,1
1072570197133930496,YouTube,YouTube,PROPN,2
1072197386917810176,Tomio,Tomio,PROPN,1
1072197386917810176,Okamura,Okamura,PROPN,1
1072197386917810176,:,:,PUNCT,1
1072197386917810176,맖kuj칤c칤,코okuj칤c칤,ADJ,1
1072197386917810176,verdikt,verdikt,NOUN,1
1072197386917810176,:,:,PUNCT,1
1072197386917810176,prost콏ednictv칤m,prost콏ednictv칤,NOUN,1
1072197386917810176,@,@,PUNCT,1
1072197386917810176,YouTube,YouTube,PROPN,2
1072056240182837248,Tomio,Tomio,PROPN,1
1072056240182837248,Okamura,Okamura,PROPN,1
1072056240182837248,:,:,PUNCT,1
1072056240182837248,맒oln칤,코koln칤,ADJ,1
1072056240182837248,ob캩dy,ob캩d,NOUN,1
1072056240182837248,:,:,PUNCT,1
1072056240182837248,prost콏ednictv칤m,prost콏ednictv칤,NOUN,1
1072056240182837248,@,@,PUNCT,1
1072056240182837248,YouTube,YouTube,PROPN,2
1072030494890422272,Tomio,Tomio,PROPN,1
1072030494890422272,Okamura,Okamura,PROPN,1
1072030494890422272,:,:,PUNCT,1
1072030494890422272,Zm캩na,zm캩na,NOUN,1
1072030494890422272,pohlav칤,pohlav칤,NOUN,1
1072030494890422272,d캩t칤,d칤t캩,NOUN,1
1072030494890422272,:,:,PUNCT,1
1072030494890422272,prost콏ednictv칤m,prost콏ednictv칤,NOUN,1
1072030494890422272,@,@,PUNCT,1
1072030494890422272,YouTube,YouTube,PROPN,2
1071682942567501824,Tomio,Tomio,PROPN,1
1071682942567501824,Okamura,Okamura,PROPN,1
1071682942567501824,:,:,PUNCT,1
1071682942567501824,Nar콢st,Nar콢st,NOUN,1
1071682942567501824,cen,cena,NOUN,1
1071682942567501824,energi칤,energie,NOUN,1
1071682942567501824,:,:,PUNCT,1
1071682942567501824,prost콏ednictv칤m,prost콏ednictv칤,NOUN,1
1071682942567501824,@,@,PUNCT,1
1071682942567501824,YouTube,YouTube,PROPN,2
1071443241810255872,Tomio,Tomio,PROPN,1
1071443241810255872,Okamura,Okamura,PROPN,1
1071443241810255872,:,:,PUNCT,1
1071443241810255872,NE,ne,PART,1
1071443241810255872,d치vk치m,d치vka,NOUN,1
1071443241810255872,pro,pro,ADP,1
1071443241810255872,migranty,migrant,NOUN,1
1071443241810255872,:,:,PUNCT,1
1071443241810255872,prost콏ednictv칤m,prost콏ednictv칤,NOUN,1
1071443241810255872,@,@,PUNCT,1
1071443241810255872,YouTube,YouTube,PROPN,2
1071441315462819840,Tomio,Tomio,PROPN,1
1071441315462819840,Okamura,Okamura,PROPN,1
1071441315462819840,:,:,PUNCT,1
1071441315462819840,Nesmysln치,nesmysln칳,ADJ,1
1071441315462819840,zpr치va,zpr치va,NOUN,1
1071441315462819840,:,:,PUNCT,1
1071441315462819840,prost콏ednictv칤m,prost콏ednictv칤,NOUN,1
1071441315462819840,@,@,PUNCT,1
1071441315462819840,YouTube,YouTube,PROPN,2
1071336426757865472,Tomio,Tomio,PROPN,1
1071336426757865472,Okamura,Okamura,PROPN,1
1071336426757865472,:,:,PUNCT,1
1071336426757865472,Konec,konec,NOUN,1
1071336426757865472,dikt치tu,dikt치t,NOUN,1
1071336426757865472,EU,EU,PROPN,1
1071336426757865472,:,:,PUNCT,1
1071336426757865472,prost콏ednictv칤m,prost콏ednictv칤,NOUN,1
1071336426757865472,@,@,PUNCT,1
1071336426757865472,YouTube,YouTube,PROPN,2
1071129384671739904,Do,do,ADP,1
1071129384671739904,캜ela,캜elo,NOUN,1
1071129384671739904,n캩meck칠,n캩meck칳,ADJ,1
1071129384671739904,vl치dn칤,vl치dn칤,ADJ,1
1071129384671739904,CDU,CDU,PROPN,1
1071129384671739904,byla,b칳t,VERB,1
1071129384671739904,zvolena,zvolen칳,ADJ,1
1071129384671739904,Annegret,Annegret,PROPN,1
1071129384671739904,Krampov치,Krampov치,PROPN,1
1071129384671739904,a,a,CCONJ,1
1071129384671739904,ud캩lala,ud캩lat,VERB,1
1071129384671739904,tak,tak,ADV,1
1071129384671739904,radost,radost,NOUN,1
1071129384671739904,Angele,Angele,PROPN,1
1071129384671739904,Merkelov칠,Merkelov치,PROPN,1
1071129384671739904,-,-,PUNCT,1
1071129384671739904,nezb칳v치,zb칳vat,VERB,1
1071129384671739904,ne,ne,SCONJ,1
1071129384671739904,se,se,PRON,1
1071129384671739904,p콏ed,p콏ed,ADP,1
1071129384671739904,politikou,politika,NOUN,1
1071129384671739904,n캩meck칳ch,n캩meck칳,ADJ,1
1071129384671739904,k콏estansk칳ch,k콏estansk칳,ADJ,1
1071129384671739904,demokrat콢,demokrat,NOUN,1
1071129384671739904,pok콏i쬺vat,pok콏i쬺vat,VERB,1
1071129384671739904,a,a,CCONJ,1
1071129384671739904,doufat,doufat,VERB,1
1071129384671739904,na,na,ADP,1
1071129384671739904,z치zraky,z치zrak,NOUN,1
1071129384671739904,.,.,PUNCT,1
1071126286649778176,Tomio,Tomio,PROPN,1
1071126286649778176,Okamura,Okamura,PROPN,1
1071126286649778176,:,:,PUNCT,1
1071126286649778176,Zcela,zcela,ADV,1
1071126286649778176,nekompetentn칤,kompetentn칤,ADJ,1
1071126286649778176,ministr,ministr,NOUN,1
1071126286649778176,:,:,PUNCT,1
1071126286649778176,prost콏ednictv칤m,prost콏ednictv칤,NOUN,1
1071126286649778176,@,@,PUNCT,1
1071126286649778176,YouTube,YouTube,PROPN,2
1071112563373629440,Tomio,Tomio,PROPN,1
1071112563373629440,Okamura,Okamura,PROPN,1
1071112563373629440,:,:,PUNCT,1
1071112563373629440,St치tn칤,st치tn칤,ADJ,1
1071112563373629440,rozpo캜et,rozpo캜et,NOUN,1
1071112563373629440,:,:,PUNCT,1
1071112563373629440,prost콏ednictv칤m,prost콏ednictv칤,NOUN,1
1071112563373629440,@,@,PUNCT,1
1071112563373629440,YouTube,YouTube,PROPN,2
1071066980680171520,Tomio,Tomio,PROPN,1
1071066980680171520,Okamura,Okamura,PROPN,1
1071066980680171520,:,:,PUNCT,1
1071066980680171520,N치vrh,n치vrh,NOUN,1
1071066980680171520,z치kona,z치kon,NOUN,1
1071066980680171520,o,o,ADP,1
1071066980680171520,zru코en칤,zru코en칤,NOUN,1
1071066980680171520,Fondu,fond,NOUN,1
1071066980680171520,n치rodn칤ho,n치rodn칤,ADJ,1
1071066980680171520,majetku,majetek,NOUN,1
1071066980680171520,캛R,캛R,PROPN,1
1071066980680171520,:,:,PUNCT,1
1071066980680171520,prost콏ednictv칤m,prost콏ednictv칤,NOUN,1
1071066980680171520,@,@,PUNCT,1
1071066980680171520,YouTube,YouTube,PROPN,2
1082334996722057216,@,@,PUNCT,1
1082334996722057216,LukMrkva,LukMrkva,PROPN,1
1082334996722057216,@,@,PUNCT,1
1082334996722057216,Posledniskaut,Posledniskaut,PROPN,1
1082334996722057216,T콏ikr치t,t콏ikr치t,ADV,1
1082334996722057216,.,.,PUNCT,1
1082334996722057216,Plus,plus,NOUN,2
1082334996722057216,d칳mka,d칳mka,NOUN,2
1082334996722057216,m칤ru,m칤r,NOUN,2
1082334996722057216,.,.,PUNCT,2
1082334748138242048,Via,Via,PROPN,1
1082334748138242048,캛esk칳,캜esk칳,ADJ,1
1082334748138242048,politick칳,politick칳,ADJ,1
1082334748138242048,prase캜치k,prase캜치k,NOUN,1
1082334748138242048,.,.,PUNCT,1
1082259390005211136,@,@,PUNCT,1
1082259390005211136,Posledniskaut,Posledniskaut,NOUN,1
1082259390005211136,Jak,jak,ADV,1
1082259390005211136,d캩lal,d캩lat,VERB,1
1082259390005211136,?,?,PUNCT,1
1082259390005211136,Co,co,PRON,2
1082259390005211136,d캩lal,d캩lat,VERB,2
1082259390005211136,?,?,PUNCT,2
1082259390005211136,Ona,on,PRON,3
1082259390005211136,d캩lala,d캩lat,VERB,3
1082259390005211136,",",",",PUNCT,3
1082259390005211136,co,co,PRON,3
1082259390005211136,jsem,b칳t,VERB,3
1082259390005211136,m캩l,m칤t,VERB,3
1082259390005211136,d캩lat,d캩lat,VERB,3
1082259390005211136,?,?,PUNCT,3
1081971985561931776,@,@,PUNCT,1
1081971985561931776,JosefKokta,JosefKokta,PROPN,2
1081971985561931776,@,@,PUNCT,2
1081971985561931776,hrudka,hrudka,NOUN,2
1081971985561931776,@,@,PUNCT,2
1081971985561931776,AndrejBabis,AndrejBabis,PROPN,2
1081971985561931776,@,@,PUNCT,2
1081971985561931776,vaclavmoravec,vaclavmoravec,NOUN,2
1081971985561931776,Neboj,Neboj,PROPN,2
1081971985561931776,Pepo,Pepo,PROPN,2
1081971985561931776,",",",",PUNCT,2
1081971985561931776,j치,j치,PRON,2
1081971985561931776,jsem,b칳t,VERB,2
1081971985561931776,si,se,PRON,2
1081971985561931776,v코iml,v코imnout,VERB,2
1081971985561931776,",",",",PUNCT,2
1081971985561931776,쬰,쬰,SCONJ,2
1081971985561931776,Andrej,Andrej,PROPN,2
1081971985561931776,ti,ten,DET,2
1081971985561931776,zatemnil,zatemnit,VERB,2
1081971985561931776,mozek,mozek,NOUN,2
1081971985561931776,a,a,CCONJ,2
1081971985561931776,nep콏em칳코l칤코,p콏em칳코lit,VERB,2
1081971985561931776,o,o,ADP,2
1081971985561931776,n캩m,on,PRON,2
1081971985561931776,.,.,PUNCT,2
1081971985561931776,Tak,tak,ADV,3
1081971985561931776,jsem,b칳t,VERB,3
1081971985561931776,si,se,PRON,3
1081971985561931776,콏칤kal,콏칤kat,VERB,3
1081971985561931776,",",",",PUNCT,3
1081971985561931776,쬰,쬰,SCONJ,3
1081971985561931776,bych,b칳t,VERB,3
1081971985561931776,se,se,PRON,3
1081971985561931776,mohl,moci,VERB,3
1081971985561931776,zkusit,zkusit,VERB,3
1081971985561931776,bavit,bavit,VERB,3
1081971985561931776,o,o,ADP,3
1081971985561931776,faktech,fakt,NOUN,3
1081971985561931776,.,.,PUNCT,3
1081971985561931776,Ale,ale,CCONJ,4
1081971985561931776,kdy,kdy,SCONJ,4
1081971985561931776,nep칤코e코,p칤코out,VERB,4
1081971985561931776,o,o,ADP,4
1081971985561931776,politice,politika,NOUN,4
1081971985561931776,",",",",PUNCT,4
1081971985561931776,tak,tak,ADV,4
1081971985561931776,t캩,ty,PRON,4
1081971985561931776,r치d,r치d,ADV,4
1081971985561931776,sleduju,sledovat,NOUN,4
1081971985561931776,:,:,PUNCT,4
1081971985561931776,),),PUNCT,4
1081959896701116416,@,@,PUNCT,1
1081959896701116416,JosefKokta,JosefKokta,PROPN,2
1081959896701116416,@,@,PUNCT,2
1081959896701116416,hrudka,hrudka,NOUN,2
1081959896701116416,@,@,PUNCT,2
1081959896701116416,AndrejBabis,AndrejBabis,PROPN,2
1081959896701116416,@,@,PUNCT,2
1081959896701116416,vaclavmoravec,vaclavmoravec,NOUN,2
1081959896701116416,Pepo,Pepo,PROPN,2
1081959896701116416,",",",",PUNCT,2
1081959896701116416,ob치v치m,ob치vat,VERB,2
1081959896701116416,se,se,PRON,2
1081959896701116416,",",",",PUNCT,2
1081959896701116416,쬰,쬰,SCONJ,2
1081959896701116416,nech치pe코,ch치pout,VERB,2
1081959896701116416,rozd칤l,rozd칤l,NOUN,2
1081959896701116416,mezi,mezi,ADP,2
1081959896701116416,t칤m,ten,DET,2
1081959896701116416,",",",",PUNCT,2
1081959896701116416,쬰,쬰,SCONJ,2
1081959896701116416,vl치da,vl치da,NOUN,2
1081959896701116416,m치,m칤t,VERB,2
1081959896701116416,dobr칠,dobr칳,ADJ,2
1081959896701116416,v칳sledky,v칳sledek,NOUN,2
1081959896701116416,a,a,CCONJ,2
1081959896701116416,쬰,쬰,SCONJ,2
1081959896701116416,za,za,ADP,2
1081959896701116416,vl치dy,vl치da,NOUN,2
1081959896701116416,jsou,b칳t,VERB,2
1081959896701116416,dobr칠,dobr칳,ADJ,2
1081959896701116416,v칳sledky,v칳sledek,NOUN,2
1081959896701116416,.,.,PUNCT,2
1081959896701116416,J치,j치,PRON,3
1081959896701116416,jsem,b칳t,VERB,3
1081959896701116416,po,po,ADP,3
1081959896701116416,tob캩,te,PRON,3
1081959896701116416,ale,ale,CCONJ,3
1081959896701116416,cht캩l,cht칤t,VERB,3
1081959896701116416,",",",",PUNCT,3
1081959896701116416,abys,abys,CONJ,3
1081959896701116416,a,a,SCONJ,3
1081959896701116416,bys,b칳t,VERB,3
1081959896701116416,mi,j치,PRON,3
1081959896701116416,콏ekl,콏칤ci,VERB,3
1081959896701116416,",",",",PUNCT,3
1081959896701116416,jak,jak,ADV,3
1081959896701116416,vl치da,vl치da,NOUN,3
1081959896701116416,k,k,ADP,3
1081959896701116416,t캩m,ten,DET,3
1081959896701116416,dobr칳m,dobr칳,ADJ,3
1081959896701116416,v칳sledk콢m,v칳sledek,NOUN,3
1081959896701116416,p콏isp캩la,p콏isp캩t,VERB,3
1081959896701116416,.,.,PUNCT,3
1081959896701116416,A,a,CCONJ,4
1081959896701116416,tady,tady,ADV,4
1081959896701116416,je,b칳t,VERB,4
1081959896701116416,jedin치,jedin칳,ADJ,4
1081959896701116416,mo쬹치,mo쬹치,ADJ,4
1081959896701116416,odpov캩캞,odpov캩캞,NOUN,4
1081959896701116416,",",",",PUNCT,4
1081959896701116416,쬰,쬰,SCONJ,4
1081959896701116416,ni캜칤m,nic,PRON,4
1081959896701116416,.,.,PUNCT,4
1081955460402630656,@,@,PUNCT,1
1081955460402630656,JosefKokta,JosefKokta,PROPN,2
1081955460402630656,@,@,PUNCT,2
1081955460402630656,hrudka,hrudka,NOUN,2
1081955460402630656,@,@,PUNCT,2
1081955460402630656,AndrejBabis,AndrejBabis,PROPN,2
1081955460402630656,@,@,PUNCT,2
1081955460402630656,vaclavmoravec,vaclavmoravec,NOUN,2
1081955460402630656,Pepo,Pepo,PROPN,2
1081955460402630656,",",",",PUNCT,2
1081955460402630656,aspo켿,aspo켿,ADV,2
1081955460402630656,jeden,jeden,NUM,2
1081955460402630656,v칳sledek,v칳sledek,NOUN,2
1081955460402630656,n치m,j치,PRON,2
1081955460402630656,pov캩z,pov캩z,NOUN,2
1081955460402630656,.,.,PUNCT,2
1081681167152226304,Kdy,kdy,SCONJ,1
1081681167152226304,na,na,ADP,1
1081681167152226304,tebe,ty,PRON,1
1081681167152226304,za캜ne,za캜칤t,VERB,1
1081681167152226304,borec,borec,NOUN,1
1081681167152226304,s,s,CONJ,1
1081681167152226304,antisemitsk칳mi,antisemitsk칳,ADJ,1
1081681167152226304,teoriemi,teorie,NOUN,1
1081681167152226304,",",",",PUNCT,1
1081681167152226304,ale,ale,CCONJ,1
1081681167152226304,ty,ten,DET,1
1081681167152226304,m치코,m칤t,VERB,1
1081681167152226304,aprobaci,aprobace,NOUN,1
1081681167152226304,jen,jen,PART,1
1081681167152226304,na,na,ADP,1
1081681167152226304,islamofobii,islamofobie,NOUN,1
1081681167152226304,.,.,PUNCT,1
1081681167152226304,(,(,PUNCT,2
1081681167152226304,via,via,ADJ,2
1081681167152226304,Diagn칩za,diagn칩za,PROPN,2
1081681167152226304,Tomio,Tomio,PROPN,2
1081681167152226304,Okamura,Okamura,PROPN,2
1081681167152226304,),),PUNCT,2
1081175808192987136,@,@,PUNCT,1
1081175808192987136,Posledniskaut,Posledniskaut,NOUN,2
1081175808192987136,To,ten,DET,3
1081175808192987136,je,b칳t,VERB,3
1081175808192987136,vylou캜en칠,vylou캜en칳,ADJ,3
1081175808192987136,",",",",PUNCT,3
1081175808192987136,to,ten,DET,3
1081175808192987136,nemohu,moci,VERB,3
1081175808192987136,콏칤ct,콏칤ci,VERB,3
1081175808192987136,.,.,PUNCT,3
1081138955247075328,@,@,PUNCT,1
1081138955247075328,jana,jan,NOUN,1
1081138955247075328,_,_,PUNCT,1
1081138955247075328,cernochova,cernoch콢v,NOUN,1
1081138955247075328,Stra코n칳,Stra코n칳,ADJ,1
1081138955247075328,sv캩t,sv캩t,NOUN,1
1081138955247075328,",",",",PUNCT,1
1081138955247075328,kde,kde,ADV,1
1081138955247075328,n캩kte콏칤,n캩kter칳,DET,1
1081138955247075328,svobodn칠,svobodn칳,ADJ,1
1081138955247075328,zjistili,zjistit,VERB,1
1081138955247075328,",",",",PUNCT,1
1081138955247075328,쬰,쬰,SCONJ,1
1081138955247075328,jim,on,PRON,1
1081138955247075328,vyhovuje,vyhovovat,VERB,1
1081138955247075328,jezdit,jezdit,VERB,1
1081138955247075328,na,na,ADP,1
1081138955247075328,kole,kolo,NOUN,1
1081138955247075328,.,.,PUNCT,1
1081138955247075328,Kdo,kdo,PRON,2
1081138955247075328,nechce,cht칤t,VERB,2
1081138955247075328,m칤t,m칤t,VERB,2
1081138955247075328,auto,auto,NOUN,2
1081138955247075328,",",",",PUNCT,2
1081138955247075328,dostane,dostat,VERB,2
1081138955247075328,do,do,ADP,2
1081138955247075328,dr쬶y,dr쬶a,NOUN,2
1081138955247075328,",",",",PUNCT,2
1081138955247075328,a,a,PART,2
1081138955247075328,si,se,PRON,2
1081138955247075328,ho,on,PRON,2
1081138955247075328,dobrovoln캩,dobrovoln캩,ADV,2
1081138955247075328,koup칤,koupit,VERB,2
1081138955247075328,.,.,PUNCT,2
1081136627303489536,@,@,PUNCT,1
1081136627303489536,fouknitopodviko,fouknitopodviko,NOUN,1
1081136627303489536,@,@,PUNCT,1
1081136627303489536,Michal,Michal,PROPN,2
1081136627303489536,469463,469463,NUM,2
1081136627303489536,@,@,PUNCT,2
1081136627303489536,JaroslavTvrdik,JaroslavTvrdik,PROPN,3
1081136627303489536,M캩,j치,PRON,4
1081136627303489536,cel치,cel칳,ADJ,4
1081136627303489536,ta,ten,DET,4
1081136627303489536,sl치vistick치,sl치vistick칳,ADJ,4
1081136627303489536,komunita,komunita,NOUN,4
1081136627303489536,na,na,ADP,4
1081136627303489536,Twitter,Twitter,NOUN,4
1081136627303489536,hodn캩,hodn캩,ADV,4
1081136627303489536,bav칤,bavit,VERB,4
1081136627303489536,.,.,PUNCT,4
1080947595474817024,@,@,PUNCT,1
1080947595474817024,mates,mates,NOUN,1
1080947595474817024,187,187,NUM,1
1080947595474817024,@,@,PUNCT,1
1080947595474817024,Michal,Michal,PROPN,2
1080947595474817024,469463,469463,NUM,2
1080947595474817024,@,@,PUNCT,2
1080947595474817024,JaroslavTvrdik,JaroslavTvrdik,PROPN,3
1080947595474817024,ok,oko,NOUN,3
1080943875529891840,@,@,PUNCT,1
1080943875529891840,Michal,Michal,PROPN,2
1080943875529891840,469463,469463,NUM,2
1080943875529891840,@,@,PUNCT,2
1080943875529891840,JaroslavTvrdik,JaroslavTvrdik,PROPN,3
1080943875529891840,Jie,Jie,PROPN,3
1080943875529891840,콗ien,콗ien,ADJ,3
1080943875529891840,-,-,PUNCT,3
1080943875529891840,ming,ming,NOUN,3
1080943875529891840,?,?,PUNCT,3
1080936562035171328,Ned캩lejme,d캩lat,VERB,1
1080936562035171328,si,se,PRON,1
1080936562035171328,z,z,ADP,1
1080936562035171328,n칤,on,PRON,1
1080936562035171328,humor,humor,NOUN,1
1080936562035171328,.,.,PUNCT,1
1080936562035171328,Jak,jak,ADV,2
1080936562035171328,by,b칳t,VERB,2
1080936562035171328,bylo,b칳t,VERB,2
1080936562035171328,v치m,ty,PRON,2
1080936562035171328,",",",",PUNCT,2
1080936562035171328,kdyby,kdyby,CONJ,2
1080936562035171328,kdy,kdy,SCONJ,2
1080936562035171328,by,b칳t,VERB,2
1080936562035171328,v치m,ty,PRON,2
1080936562035171328,za,za,ADP,2
1080936562035171328,p콢l,p콢l,NOUN,2
1080936562035171328,roku,rok,NOUN,2
1080936562035171328,kon캜il,kon캜it,VERB,2
1080936562035171328,mand치t,mand치t,NOUN,2
1080936562035171328,eurokomisa콏e,eurokomisa콏,NOUN,2
1080936562035171328,?,?,PUNCT,2
1080936323932979200,@,@,PUNCT,1
1080936323932979200,Posledniskaut,Posledniskaut,ADJ,1
1080936323932979200,Tak,tak,ADV,1
1080936323932979200,ur캜it캩,ur캜it캩,ADV,1
1080936323932979200,",",",",PUNCT,1
1080936323932979200,V캩rko,V캩rko,PROPN,1
1080936323932979200,.,.,PUNCT,1
1080751959357956096,@,@,PUNCT,1
1080751959357956096,HonzaPalicka,HonzaPalicko,PROPN,1
1080751959357956096,Topky,Topka,PROPN,1
1080751959357956096,칰pln캩,칰pln캩,ADV,1
1080751959357956096,ne,ne,PART,1
1080751959357956096,",",",",PUNCT,1
1080751959357956096,jen,jen,PART,1
1080751959357956096,jednoho,jeden,NUM,1
1080751959357956096,jej칤ho,jeho,DET,1
1080751959357956096,캜lena,캜len,NOUN,1
1080751959357956096,.,.,PUNCT,1
1080731063314497536,Krym,Krym,NOUN,1
1080731063314497536,",",",",PUNCT,1
1080731063314497536,ten,ten,DET,1
1080731063314497536,je,b칳t,VERB,1
1080731063314497536,rusk칳,rusk칳,ADJ,1
1080731063314497536,",",",",PUNCT,1
1080731063314497536,proto쬰,proto쬰,SCONJ,1
1080731063314497536,obyvatel칠,obyvatel,NOUN,1
1080731063314497536,Krymu,Kry,PROPN,1
1080731063314497536,cht캩li,cht칤t,VERB,1
1080731063314497536,pat콏it,pat콏it,VERB,1
1080731063314497536,k,k,ADP,1
1080731063314497536,Rusku,Rusko,PROPN,1
1080731063314497536,.,.,PUNCT,1
1080731063314497536,Ale,ale,CCONJ,2
1080731063314497536,Tchaj,Tchaj,ADJ,2
1080731063314497536,-,-,PUNCT,2
1080731063314497536,wan,wan,PROPN,2
1080731063314497536,",",",",PUNCT,2
1080731063314497536,ten,ten,DET,2
1080731063314497536,je,b칳t,VERB,2
1080731063314497536,캜칤nsk칳,캜칤nsk칳,ADJ,2
1080731063314497536,",",",",PUNCT,2
1080731063314497536,proto쬰,proto쬰,SCONJ,2
1080731063314497536,캛칤na,캛칤na,PROPN,2
1080731063314497536,콏ekla,콏칤ci,VERB,2
1080731063314497536,.,.,PUNCT,2
1080724027352727552,@,@,PUNCT,1
1080724027352727552,kariernizrady,kariernizrada,NOUN,1
1080724027352727552,U,u,ADV,2
1080724027352727552,je,b칳t,VERB,2
1080724027352727552,to,ten,DET,2
1080724027352727552,d치vno,d치vno,ADV,2
1080724027352727552,",",",",PUNCT,2
1080724027352727552,tak쬰,tak쬰,SCONJ,2
1080724027352727552,to,ten,DET,2
1080724027352727552,nev칤m,v캩d캩t,VERB,2
1080724027352727552,na,na,ADP,2
1080724027352727552,100,100,NUM,2
1080724027352727552,%,%,SYM,2
1080724027352727552,",",",",PUNCT,2
1080724027352727552,ale,ale,CCONJ,2
1080724027352727552,jsem,b칳t,VERB,2
1080724027352727552,si,se,PRON,2
1080724027352727552,t칠m캩콏,t칠m캩콏,ADV,2
1080724027352727552,jist칳,jist칳,ADJ,2
1080724027352727552,",",",",PUNCT,2
1080724027352727552,쬰,쬰,SCONJ,2
1080724027352727552,odtud,odtud,ADV,2
1080724027352727552,ho,on,PRON,2
1080724027352727552,nem치m,m칤t,VERB,2
1080724027352727552,.,.,PUNCT,2
1080429061900509184,@,@,PUNCT,1
1080429061900509184,Lukas,Lukas,PROPN,1
1080429061900509184,Zmizik,Zmizik,PROPN,1
1080429061900509184,@,@,PUNCT,1
1080429061900509184,stepanrysavy,stepanrysava,NOUN,1
1080429061900509184,@,@,PUNCT,1
1080429061900509184,lubomir,lubomir,PROPN,1
1080429061900509184,_,_,PUNCT,1
1080429061900509184,volny,volna,ADJ,1
1080429061900509184,J치,j치,PRON,2
1080429061900509184,m치m,m칤t,VERB,2
1080429061900509184,ban,ban,NOUN,2
1080429061900509184,od,od,ADP,2
1080429061900509184,Voln칠ho,voln칳,PROPN,2
1080429061900509184,",",",",PUNCT,2
1080429061900509184,tak쬰,tak쬰,SCONJ,2
1080429061900509184,si,se,PRON,2
1080429061900509184,to,ten,DET,2
1080429061900509184,nep콏e캜tu,p콏e캜칤st,VERB,2
1080429061900509184,:,:,PUNCT,2
1080429061900509184,/,/,PUNCT,2
1078043505426157568,Tohle,tenhle,DET,1
1078043505426157568,sd칤lel,sd칤let,VERB,1
1078043505426157568,na,na,ADP,1
1078043505426157568,fb,fb,NOUN,1
1078043505426157568,jeden,jeden,NUM,1
1078043505426157568,zn치m칳,zn치m칳,NOUN,1
1078043505426157568,",",",",PUNCT,1
1078043505426157568,kter칳,kter칳,DET,1
1078043505426157568,je,b칳t,VERB,1
1078043505426157568,star칳m,star칳,ADJ,1
1078043505426157568,ml치dencem,ml치denec,NOUN,1
1078043505426157568,.,.,PUNCT,1
1078043505426157568,T칤m,ten,DET,2
1078043505426157568,je,b칳t,VERB,2
1078043505426157568,ale,ale,CCONJ,2
1078043505426157568,proto,proto,ADV,2
1078043505426157568,",",",",PUNCT,2
1078043505426157568,쬰,쬰,SCONJ,2
1078043505426157568,je,b칳t,VERB,2
1078043505426157568,jedn칤m,jeden,NUM,2
1078043505426157568,z,z,ADP,2
1078043505426157568,nejo코kliv캩j코칤ch,o코kliv칳,ADJ,2
1078043505426157568,lid칤,캜lov캩k,NOUN,2
1078043505426157568,",",",",PUNCT,2
1078043505426157568,co,co,PRON,2
1078043505426157568,zn치m,zn치t,VERB,2
1078043505426157568,.,.,PUNCT,2
1078018789604773888,@,@,PUNCT,1
1078018789604773888,VPikora,VPikor,NOUN,2
1078018789604773888,Kolik,kolik,DET,2
1078018789604773888,vyst콏i쬰n칳ch,vyst콏i쬰n칳,ADJ,2
1078018789604773888,sc칠n,sc칠na,NOUN,2
1078018789604773888,zn치te,zn치t,VERB,2
1078018789604773888,?,?,PUNCT,2
1076974112202018816,@,@,PUNCT,1
1076974112202018816,yackup,yackup,NOUN,1
1076974112202018816,_,_,PUNCT,1
1076974112202018816,J치,j치,PRON,2
1076406427181301760,Asi,asi,PART,1
1076406427181301760,tak,tak,ADV,1
1076406427181301760,游땔游땍,游땔游땍,SYM,1
1076406427181301760,Rozkliknout,Rozkliknout,VERB,2
1076406427181301760,cel칠,cel칳,ADJ,2
1076406427181301760,.,.,PUNCT,2
1076233635026620416,@,@,PUNCT,1
1076233635026620416,Midlinka,Midlinka,PROPN,2
1076233635026620416,1967,1967,NUM,2
1076233635026620416,Vy,ty,PRON,2
1076233635026620416,m치te,m칤t,VERB,2
1076233635026620416,p콏칤tele,p콏칤tel,NOUN,2
1076233635026620416,?,?,PUNCT,2
1076170540560404480,@,@,PUNCT,1
1076170540560404480,Posledniskaut,Posledniskaut,NOUN,1
1076170540560404480,Ale,ale,CCONJ,1
1076170540560404480,Kim,Kim,PROPN,1
1076170540560404480,je,on,PRON,1
1076170540560404480,dob콏e,dob콏e,ADV,1
1076170540560404480,rostlej,rostlat,ADJ,1
1076170540560404480,.,.,PUNCT,1
1076170540560404480,Teda,teda,ADV,2
1076170540560404480,ne,ne,PART,2
1076170540560404480,do,do,ADP,2
1076170540560404480,v칳코ky,v칳코ka,NOUN,2
1076170540560404480,",",",",PUNCT,2
1076170540560404480,ale,ale,CCONJ,2
1076170540560404480,je,b칳t,VERB,2
1076170540560404480,rostlej,rostl칳,ADJ,2
1076170540560404480,.,.,PUNCT,2
1075915740711129088,@,@,PUNCT,1
1075915740711129088,alenaschillerov,alenaschillerovnat,VERB,1
1075915740711129088,kdo,kdo,PRON,1
1075915740711129088,ho,on,PRON,1
1075915740711129088,podepsal,podepsat,VERB,1
1075915740711129088,?,?,PUNCT,1
1075656172575830016,P콏i코la,p콏ij칤t,VERB,1
1075656172575830016,za,za,ADP,1
1075656172575830016,mnou,j치,PRON,1
1075656172575830016,na,na,ADP,1
1075656172575830016,n치dra쮂,n치dra쮂,NOUN,1
1075656172575830016,bezdomovkyn캩,bezdomovkyn캩,NOUN,1
1075656172575830016,",",",",PUNCT,1
1075656172575830016,ani,ani,CCONJ,1
1075656172575830016,to,ten,DET,1
1075656172575830016,z,z,ADP,1
1075656172575830016,n칤,on,PRON,1
1075656172575830016,nat치hlo,nat치hnout,VERB,1
1075656172575830016,tak,tak,ADV,1
1075656172575830016,moc,moc,ADV,1
1075656172575830016,.,.,PUNCT,1
1075656172575830016,콯e,쬰,SCONJ,2
1075656172575830016,j칤,on,PRON,2
1075656172575830016,chyb칤,chyb캩t,VERB,2
1075656172575830016,dvacka,dvacka,NOUN,2
1075656172575830016,na,na,ADP,2
1075656172575830016,j칤zdenku,j칤zdenka,NOUN,2
1075656172575830016,do,do,ADP,2
1075656172575830016,Brna,Brno,PROPN,2
1075656172575830016,.,.,PUNCT,2
1075656172575830016,Tak,tak,ADV,3
1075656172575830016,jsem,b칳t,VERB,3
1075656172575830016,se,se,PRON,3
1075656172575830016,rozhodl,rozhodnout,VERB,3
1075656172575830016,t칠,ten,DET,3
1075656172575830016,neboh칠,neboh칳,ADJ,3
1075656172575830016,쬰n캩,쬰na,NOUN,3
1075656172575830016,pomoct,pomoci,VERB,3
1075656172575830016,a,a,CCONJ,3
1075656172575830016,cestu,cesta,NOUN,3
1075656172575830016,do,do,ADP,3
1075656172575830016,Brna,Brno,PROPN,3
1075656172575830016,j칤,on,PRON,3
1075656172575830016,prost캩,prost캩,ADV,3
1075656172575830016,neumo쬹il,umo쬹it,VERB,3
1075656172575830016,.,.,PUNCT,3
1075621102477557760,@,@,PUNCT,1
1075621102477557760,vojtech,vojt,NOUN,1
1075621102477557760,_,_,PUNCT,1
1075621102477557760,ludvik,ludvik,NOUN,1
1075621102477557760,@,@,PUNCT,1
1075621102477557760,kalousekm,kalousekm`kilometr,NOUN,1
1075621102477557760,@,@,PUNCT,1
1075621102477557760,jiridrahos,jiridrahos,ADJ,1
1075621102477557760,1,1,NUM,1
1075621102477557760,Ne,ne,PART,2
1075621102477557760,",",",",PUNCT,2
1075621102477557760,nen칤,b칳t,VERB,2
1075621102477557760,to,ten,DET,2
1075621102477557760,slov칤캜ka콏en칤,slov칤캜ka콏en칤,NOUN,2
1075621102477557760,.,.,PUNCT,2
1075621102477557760,P콏epracov치n칤,p콏epracov치n칤,NOUN,3
1075621102477557760,znamen치,znamenat,VERB,3
1075621102477557760,",",",",PUNCT,3
1075621102477557760,쬰,쬰,SCONJ,3
1075621102477557760,by,b칳t,VERB,3
1075621102477557760,to,ten,DET,3
1075621102477557760,Sn캩movna,sn캩movna,NOUN,3
1075621102477557760,p콏ed캩l치vala,p콏ed캩l치vat,VERB,3
1075621102477557760,.,.,PUNCT,3
1075621102477557760,Sn캩movna,sn캩movna,NOUN,4
1075621102477557760,nic,nic,PRON,4
1075621102477557760,p콏ed캩l치vat,p콏ed캩l치vat,VERB,4
1075621102477557760,nebude,b칳t,VERB,4
1075621102477557760,",",",",PUNCT,4
1075621102477557760,tak,tak,ADV,4
1075621102477557760,si,se,PRON,4
1075621102477557760,jenom,jenom,PART,4
1075621102477557760,vybere,vybrat,VERB,4
1075621102477557760,",",",",PUNCT,4
1075621102477557760,kter치,kter칳,DET,4
1075621102477557760,varianta,varianta,NOUN,4
1075621102477557760,je,b칳t,VERB,4
1075621102477557760,pro,pro,ADP,4
1075621102477557760,ni,on,PRON,4
1075621102477557760,lep코칤,dobr칳,ADJ,4
1075621102477557760,.,.,PUNCT,4
1075621102477557760,A,a,CCONJ,5
1075621102477557760,v코imn캩te,v코imnout,VERB,5
1075621102477557760,si,se,PRON,5
1075621102477557760,",",",",PUNCT,5
1075621102477557760,쬰,쬰,SCONJ,5
1075621102477557760,k,k,ADP,5
1075621102477557760,p콏epracov치n칤,p콏epracov치n칤,NOUN,5
1075621102477557760,se,se,PRON,5
1075621102477557760,vrac칤,vracet,VERB,5
1075621102477557760,v쬯ycky,v쬯ycky,ADV,5
1075621102477557760,navrhovateli,navrhovatet,NOUN,5
1075621102477557760,.,.,PUNCT,5
1075621102477557760,No,no,PART,6
1075621102477557760,tak,tak,ADV,6
1075621102477557760,to,ten,DET,6
1075621102477557760,Sn캩movna,sn캩movna,NOUN,6
1075621102477557760,nen칤,b칳t,VERB,6
1075621102477557760,ani,ani,CCONJ,6
1075621102477557760,zdaleka,zdaleka,ADV,6
1075621102477557760,.,.,PUNCT,6
1075374015395627008,Kdo,kdo,PRON,1
1075374015395627008,v칤,v캩d캩t,VERB,1
1075374015395627008,",",",",PUNCT,1
1075374015395627008,jestli,jestli,SCONJ,1
1075374015395627008,콗okovi,콗ok,PROPN,1
1075374015395627008,s,s,CONJ,1
1075374015395627008,D,D,PROPN,1
1075374015395627008,1,1,NUM,1
1075374015395627008,nepom치hal,pom치hat,VERB,1
1075374015395627008,p콏칤mo,p콏칤mo,ADV,1
1075374015395627008,Babi코,Babi코,PROPN,1
1075374015395627008,.,.,PUNCT,1
1075374015395627008,Ten,ten,DET,2
1075374015395627008,z,z,ADP,2
1075374015395627008,Agrofertu,Agrofert,PROPN,2
1075374015395627008,ne콏e코it,콏e코it,VERB,2
1075374015395627008,po캜as칤,po캜as칤,NOUN,2
1075374015395627008,.,.,PUNCT,2
1075374015395627008,St치t,st치t,NOUN,3
1075374015395627008,nakonec,nakonec,ADV,3
1075374015395627008,jeho,jeho,DET,3
1075374015395627008,rozmary,rozmar,NOUN,3
1075374015395627008,zat치hne,zat치hnout,VERB,3
1075374015395627008,.,.,PUNCT,3
1075029678895841280,@,@,PUNCT,1
1075029678895841280,OndrejHouska,OndrejHousko,NOUN,2
1075029678895841280,@,@,PUNCT,2
1075029678895841280,Hospodarky,Hospodark,PROPN,3
1075029678895841280,@,@,PUNCT,3
1075029678895841280,Petr,Petr,PROPN,4
1075029678895841280,Honzejk,Honzejk,PROPN,4
1075029678895841280,@,@,PUNCT,5
1075029678895841280,PavelKysilka,PavelKysilka,PROPN,6
1075029678895841280,@,@,PUNCT,6
1075029678895841280,MirekTopolanek,MirekTopolanka,PROPN,6
1075029678895841280,On,on,PRON,7
1075029678895841280,to,ten,DET,7
1075029678895841280,tady,tady,ADV,7
1075029678895841280,v캜era,v캜era,ADV,7
1075029678895841280,Topol치nek,Topol치nek,PROPN,7
1075029678895841280,nasd칤lel,nasd칤let,VERB,7
1075029678895841280,zadarmo,zadarmo,ADV,7
1075029678895841280,",",",",PUNCT,7
1075029678895841280,m치te,m칤t,VERB,7
1075029678895841280,to,ten,DET,7
1075029678895841280,t캩쮄뫆,t캩쬶칳,ADJ,7
1075029678895841280,.,.,PUNCT,7
1075028819692662784,M치te,m칤t,VERB,1
1075028819692662784,pravdu,pravda,NOUN,1
1075028819692662784,",",",",PUNCT,1
1075028819692662784,pane,pan,NOUN,1
1075028819692662784,캛unku,캛unka,PROPN,1
1075028819692662784,.,.,PUNCT,1
1075028819692662784,V,v,ADP,2
1075028819692662784,jin칠m,jin칳,ADJ,2
1075028819692662784,st치t캩,st치t,NOUN,2
1075028819692662784,by,b칳t,VERB,2
1075028819692662784,to,ten,DET,2
1075028819692662784,byla,b칳t,VERB,2
1075028819692662784,vlastizrada,vlastizrada,NOUN,2
1075028819692662784,.,.,PUNCT,2
1075028819692662784,Byl,b칳t,VERB,3
1075028819692662784,by,b칳t,VERB,3
1075028819692662784,z,z,ADP,3
1075028819692662784,n칤,on,PRON,3
1075028819692662784,obvin캩n,obvin캩n칳,ADJ,3
1075028819692662784,premi칠r,premi칠r,NOUN,3
1075028819692662784,",",",",PUNCT,3
1075028819692662784,kter칳,kter칳,DET,3
1075028819692662784,kv콢li,kv콢li,ADP,3
1075028819692662784,sv칠mu,sv콢j,DET,3
1075028819692662784,byznysu,byznys,NOUN,3
1075028819692662784,ohro쬿je,ohro쬺vat,VERB,3
1075028819692662784,캜erp치n칤,캜erp치n칤,NOUN,3
1075028819692662784,dotac칤,dotace,NOUN,3
1075028819692662784,z,z,ADP,3
1075028819692662784,EU,EU,PROPN,3
1075028819692662784,.,.,PUNCT,3
1074536029686808576,Jin칳mi,jin칳,ADJ,1
1074536029686808576,slovy,slovo,NOUN,1
1074536029686808576,jsem,b칳t,VERB,1
1074536029686808576,콏ekl,콏칤ci,VERB,1
1074536029686808576,",",",",PUNCT,1
1074536029686808576,쬰,쬰,SCONJ,1
1074536029686808576,jsem,b칳t,VERB,1
1074536029686808576,se,se,PRON,1
1074536029686808576,d칤ky,d칤ky,ADP,1
1074536029686808576,m칤sen칠,m칤sen칳,ADJ,1
1074536029686808576,ras,rasa,NOUN,1
1074536029686808576,moc,moc,ADV,1
1074536029686808576,nepoved,nepoved,ADV,1
1074536029686808576,.,.,PUNCT,1
1074536029686808576,A,a,CCONJ,2
1074536029686808576,pop콏ete,pop콏칠st,VERB,2
1074536029686808576,to,ten,DET,2
1074536029686808576,.,.,PUNCT,2
1073539492697567232,@,@,PUNCT,1
1073539492697567232,ridicbob,ridicboba,NOUN,1
1073539492697567232,@,@,PUNCT,1
1073539492697567232,Posledniskaut,Posledniskaut,NOUN,2
1073539492697567232,@,@,PUNCT,2
1073539492697567232,PraguePlayoffs,PraguePlayoffs,NOUN,3
1073539492697567232,V,v,ADP,3
1073539492697567232,Matrix,Matrix,PROPN,3
1073539492697567232,AB,AB,PROPN,3
1073539492697567232,p콏ece,p콏ece,ADV,3
1073539492697567232,콏칤kala,콏칤kat,VERB,3
1073539492697567232,na,na,ADP,3
1073539492697567232,캜ap치ku,캜ap치k,NOUN,3
1073539492697567232,",",",",PUNCT,3
1073539492697567232,쬰,쬰,SCONJ,3
1073539492697567232,ona,on,PRON,3
1073539492697567232,na,na,ADP,3
1073539492697567232,koni,k콢켿,NOUN,3
1073539492697567232,nejezd칤,jezdit,VERB,3
1073539492697567232,",",",",PUNCT,3
1073539492697567232,m캩l,m칤t,VERB,3
1073539492697567232,byste,b칳t,VERB,3
1073539492697567232,se,se,PRON,3
1073539492697567232,znova,znova,ADV,3
1073539492697567232,pod칤vat,pod칤vat,VERB,3
1073539492697567232,!,!,PUNCT,3
1073267058756984832,@,@,PUNCT,1
1073267058756984832,Posledniskaut,Posledniskaut,ADJ,2
1073267058756984832,moh,moha,NOUN,2
1073267058756984832,by,b칳t,VERB,2
1073267058756984832,bejt,bejt,VERB,2
1073264140448346112,@,@,PUNCT,1
1073264140448346112,Posledniskaut,Posledniskaut,NOUN,1
1073264140448346112,A,a,CCONJ,2
1073264140448346112,kdo,kdo,PRON,2
1073264140448346112,ho,on,PRON,2
1073264140448346112,podle,podle,ADP,2
1073264140448346112,Michala,Michal,PROPN,2
1073264140448346112,Davida,David,PROPN,2
1073264140448346112,donutil,donutit,VERB,2
1073264140448346112,sednout,sednout,VERB,2
1073264140448346112,za,za,ADP,2
1073264140448346112,volant,volant,NOUN,2
1073264140448346112,?,?,PUNCT,2
1073167799177150464,J치,j치,PRON,1
1073167799177150464,teda,teda,ADV,1
1073167799177150464,nem치m,m칤t,VERB,1
1073167799177150464,co,co,PRON,1
1073167799177150464,komunist콢m,komunista,NOUN,1
1073167799177150464,radit,radit,VERB,1
1073167799177150464,",",",",PUNCT,1
1073167799177150464,ale,ale,CCONJ,1
1073167799177150464,kdyby,kdyby,CONJ,1
1073167799177150464,kdy,kdy,SCONJ,1
1073167799177150464,by,b칳t,VERB,1
1073167799177150464,@,@,PUNCT,1
1073167799177150464,Konecna,Konecn,NOUN,2
1073167799177150464,_,_,PUNCT,2
1073167799177150464,K,k,PROPN,2
1073167799177150464,navrhla,navrhnout,VERB,2
1073167799177150464,zn치rodnit,zn치rodnit,VERB,2
1073167799177150464,agrofert,agrofert,NOUN,2
1073167799177150464,",",",",PUNCT,2
1073167799177150464,m캩lo,m칤t,VERB,2
1073167799177150464,by,b칳t,VERB,2
1073167799177150464,to,ten,DET,2
1073167799177150464,pro,pro,ADP,2
1073167799177150464,캜esk칳,캜esk칳,ADJ,2
1073167799177150464,rozpo캜et,rozpo캜et,NOUN,2
1073167799177150464,asi,asi,PART,2
1073167799177150464,100,100,NUM,2
1073167799177150464,x,x,SYM,2
1073167799177150464,blahod치rn캩j코칤,blahod치rn칳,ADJ,2
1073167799177150464,vliv,vliv,NOUN,2
1073167799177150464,ne,ne,SCONJ,2
1073167799177150464,n캩jak치,n캩jak칳,DET,2
1073167799177150464,voda,voda,NOUN,2
1073167799177150464,do,do,ADP,2
1073167799177150464,캜esk칳ch,캜esk칳,ADJ,2
1073167799177150464,rukou,ruka,NOUN,2
1073167799177150464,.,.,PUNCT,2
1072932667153362944,@,@,PUNCT,1
1072932667153362944,BlanikZ,BlanikZ,PROPN,1
1072932667153362944,@,@,PUNCT,1
1072932667153362944,Konecna,Konecn,NOUN,2
1072932667153362944,_,_,PUNCT,2
1072932667153362944,K,K,NOUN,2
1072932667153362944,Ale,ale,CCONJ,3
1072932667153362944,콏ekla,콏칤ci,VERB,3
1072932667153362944,to,ten,DET,3
1072932667153362944,hezky,hezek,ADV,3
1072915681962876928,U,u,ADV,1
1072915681962876928,jste,b칳t,VERB,1
1072915681962876928,si,se,PRON,1
1072915681962876928,nechali,nechat,VERB,1
1072915681962876928,vyjet,vyjet,VERB,1
1072915681962876928,sv칠,sv콢j,DET,1
1072915681962876928,Spotify,Spotif,NOUN,1
1072915681962876928,statistiky,statistika,NOUN,1
1072915681962876928,pro,pro,ADP,1
1072915681962876928,rok,rok,NOUN,1
1072915681962876928,2018,2018,NUM,1
1072915681962876928,?,?,PUNCT,1
1072915681962876928,via,vium,NOUN,2
1072403325574963200,@,@,PUNCT,1
1072403325574963200,jladata,jladatum,NOUN,1
1072403325574963200,@,@,PUNCT,1
1072403325574963200,tomio,tomio,DET,1
1072403325574963200,_,_,PUNCT,1
1072403325574963200,cz,cz,NOUN,1
1072403325574963200,D칤ky,d칤k,PROPN,1
1072403325574963200,.,.,PUNCT,1
1072403325574963200,콯칤쬬la,콯칤쬬t,NOUN,2
1072403325574963200,z,z,ADP,2
1072403325574963200,toho,ten,DET,2
1072403325574963200,vylezl,vyl칠zt,VERB,2
1072403325574963200,v,v,ADP,2
1072403325574963200,tolika,tolik,DET,2
1072403325574963200,p콏칤padech,p콏칤pad,NOUN,2
1072403325574963200,asi,asi,PART,2
1072403325574963200,proto,proto,ADV,2
1072403325574963200,",",",",PUNCT,2
1072403325574963200,쬰,쬰,SCONJ,2
1072403325574963200,na,na,ADP,2
1072403325574963200,n캩j,on,PRON,2
1072403325574963200,캜asto,캜asto,ADV,2
1072403325574963200,reaguju,reagovat,VERB,2
1072403325574963200,",",",",PUNCT,2
1072403325574963200,jinak,jinak,ADV,2
1072403325574963200,jej,on,PRON,2
1072403325574963200,s치m,s치m,DET,2
1072403325574963200,od,od,ADP,2
1072403325574963200,sebe,se,PRON,2
1072403325574963200,nezmi켿uju,zmi켿ovat,VERB,2
1072403325574963200,.,.,PUNCT,2
1072402384004018176,Twitterem,Twitter,NOUN,1
1072402384004018176,obch치zej칤,obch치zet,VERB,1
1072402384004018176,dva,dva,NUM,1
1072402384004018176,Tomiov칠,Tomiov치,PROPN,1
1072402384004018176,-,-,PUNCT,1
1072402384004018176,@,@,PUNCT,1
1072402384004018176,tomio,tomio,DET,1
1072402384004018176,_,_,PUNCT,1
1072402384004018176,cz,cz,NOUN,1
1072402384004018176,a,a,CCONJ,1
1072402384004018176,@,@,PUNCT,1
1072402384004018176,Tomio,Tomio,PROPN,2
1072402384004018176,_,_,PUNCT,2
1072402384004018176,Okamura,Okamura,PROPN,2
1072402384004018176,Dok치쬰te,dok치zat,VERB,2
1072402384004018176,(,(,PUNCT,2
1072402384004018176,bez,bez,ADP,2
1072402384004018176,kouknut칤,kouknut칤,NOUN,2
1072402384004018176,na,na,ADP,2
1072402384004018176,prav칳,prav칳,ADJ,2
1072402384004018176,horn칤,horn칤,ADJ,2
1072402384004018176,roh,roh,NOUN,2
1072402384004018176,profilovky,profilovka,NOUN,2
1072402384004018176,),),PUNCT,2
1072402384004018176,poznat,poznat,VERB,2
1072402384004018176,",",",",PUNCT,2
1072402384004018176,kter칳,kter칳,DET,2
1072402384004018176,je,b칳t,VERB,2
1072402384004018176,skute캜n칳,skute캜n칳,ADJ,2
1072402384004018176,a,a,CCONJ,2
1072402384004018176,kter칳,kter칳,DET,2
1072402384004018176,fake,fake,NOUN,2
1072402384004018176,?,?,PUNCT,2
1072402384004018176,M콢j,m콢j,DET,3
1072402384004018176,nov칳,nov칳,ADJ,3
1072402384004018176,#,#,PUNCT,3
1072402384004018176,AI,a,ADJ,4
1072402384004018176,n치stroj,n치stroj,NOUN,4
1072402384004018176,m치,m칤t,VERB,4
1072402384004018176,칰sp캩코nost,칰sp캩코nost,NOUN,4
1072402384004018176,p콏es,p콏es,ADP,4
1072402384004018176,90,90,NUM,4
1072402384004018176,%,%,SYM,4
1072402384004018176,",",",",PUNCT,4
1072402384004018176,a,a,CCONJ,4
1072402384004018176,je코t캩,je코t캩,ADV,4
1072402384004018176,k,k,ADP,4
1072402384004018176,tomu,ten,DET,4
1072402384004018176,je,b칳t,VERB,4
1072402384004018176,z치bavn칳,z치bavn칳,ADJ,4
1072402384004018176,:,:,PUNCT,4
1072402384004018176,),),PUNCT,4
1072011228829151232,@,@,PUNCT,1
1072011228829151232,malyzmrd,malyzmrd,NOUN,1
1072011228829151232,콯e,쬰,SCONJ,2
1072011228829151232,jako,jako,SCONJ,2
1072011228829151232,tren칠r,tren칠r,NOUN,2
1072011228829151232,nestoj칤,st치t,VERB,2
1072011228829151232,v콢bec,v콢bec,ADV,2
1072011228829151232,za,za,ADP,2
1072011228829151232,nic,nic,PRON,2
1072011228829151232,",",",",PUNCT,2
1072011228829151232,kdy,kdy,SCONJ,2
1072011228829151232,s,s,CONJ,2
1072011228829151232,t칤m,ten,DET,2
1072011228829151232,lep코칤m,dobr칳,ADJ,2
1072011228829151232,t칳mem,t칳m,NOUN,2
1072011228829151232,nedok치쬰,dok치zat,VERB,2
1072011228829151232,hr치t,hr치t,VERB,2
1072011228829151232,lep코칤,dobr칳,ADJ,2
1072011228829151232,fotbal,fotbal,NOUN,2
1072011228829151232,.,.,PUNCT,2
1071081677710127104,"""","""",PUNCT,1
1071081677710127104,T캩ch,ten,DET,1
1071081677710127104,5,5,NUM,1
1071081677710127104,miliard,miliarda,NOUN,1
1071081677710127104,n치s,j치,PRON,1
1071081677710127104,fakt,fakt,NOUN,1
1071081677710127104,nezruinuje,zruinovat,VERB,1
1071081677710127104,.,.,PUNCT,1
1071081677710127104,"""","""",PUNCT,1
1071081677710127104,캛SSD,캛SSD,PROPN,2
1071079499817734144,캛etli,캜칤st,VERB,1
1071079499817734144,jste,b칳t,VERB,1
1071079499817734144,n캩kdy,n캩kdy,ADV,1
1071079499817734144,takov칠,takov칳,DET,1
1071079499817734144,vyj치d콏en칤,vyj치d콏en칤,NOUN,1
1071079499817734144,?,?,PUNCT,1
1071079499817734144,J치,j치,PRON,2
1071079499817734144,si,se,PRON,2
1071079499817734144,na,na,ADP,2
1071079499817734144,쮂멳n칠,쮂멳n칳,DET,2
1071079499817734144,nem콢쬿,moci,VERB,2
1071079499817734144,vzpomenout,vzpomenout,VERB,2
1071079499817734144,.,.,PUNCT,2
